Category,Content
headings,Transforming Your Ideas into Powerful Custom software development for your businesses.
headings,"Reach Your Customers Anytime, Anywhere with High-Performance Mobile Apps for Android and iOS devices"
headings,Infrastructure automation consulting for your startups with our expert Cloud and DevOps Engineer
headings,Stay Ahead of Hackers with Our Advanced Vulnerability Assessment and Penetration Testing
headings,Your Premier Destination for Comprehensive IT Services and Digital Transformation
headings,Essential Core Services Offered by SystimaNX
headings,Hire Developers For your Development Services
headings,"Systimanx IT Solutions Committed to Tomorrow's Technology with Value-Added Support in One Forte For over 14+ years, we have been helping enterprises, SMEs, and startups around the world to transform their business by creating effective digital solutions with the use of innovative technologies."
headings,"We stands as a distinguished Indian offshore development company, offering an extensive array of IT services to meet all your digital needs. From iOS development and mobile app development to web development, Android development, UI/UX design, IT consulting, e-commerce solutions, AWS cloud services, SaaS application development, cybersecurity consulting services, penetration testing, and performance testing, we've got you covered."
headings,"Our accomplished team of developers excels in Laravel, VueJS, AngularJS, NodeJS, Python, Swift, and Kotlin, assuring you top-quality, timely project deliveries. With a proven track record, Systimanx is your trusted partner in achieving your IT goals."
headings,0+
headings,0+
headings,0+
headings,0+
headings,Techstack we work
headings,We are Expertise in
headings,Web Applications Development
headings,Mobile Apps Development
headings,SaaS Application Development
headings,Application Security Testing
headings,We Worked With Great Ideas
headings,Testimonials
headings,Don't take our word for it
headings,Our Latest Blogs
headings,Links
headings,Resources
headings,Join With Us
headings,Cloud and DevOps
paragraphs,Trusted Clients
paragraphs,Product Developed
paragraphs,Startup Boosted
paragraphs,SME’s Supported
paragraphs,"Picking the right tool is half the job done. Knowing the capabilities and limitations of each tech assets, we choose what is suitable, secure, and scalable for your project."
paragraphs,UX/UI
paragraphs,Front End
paragraphs,Back End
paragraphs,Mobile Apps
paragraphs,DataBase
paragraphs,Testing
paragraphs,Cloud
paragraphs,Dev-ops
paragraphs,"SystimaNX provides complete Solutions from ideation to project delivery, at an equivalent time venturing in-depth into their actual business needs."
paragraphs,Ideas into Powerful Software Solutions for unique needs with frontend & backend expertise.
paragraphs,"Develop a scalable, secure mobile app for iOS and Android."
paragraphs,Transforming Businesses with Subscription-Based Excellence.
paragraphs,Deliver robust and high-availability apps through our DevOps team.
paragraphs,Stay Ahead of Hackers with Our Advanced Information Security Services.
paragraphs,"We have worked with small startups and big corporations, who has passionate with great ideas.  We build their ideas to real time solutions."
paragraphs,"Elevate your online business with our cutting-edge eCommerce platform, offering secure transactions and a user-friendly interface. Stay connected on-the-go with our mobile app, providing a seamless and personalized shopping experience. Leverage the power of our SaaS kit, tailored to streamline operations, and unlock the potential of AI/ML for data-driven insights and enhanced decision-making."
paragraphs,For Startup's
paragraphs,E-commerce
paragraphs,AI & ML
paragraphs,Apps Development
paragraphs,SaaS Kit
paragraphs,Hire developers across different tech-stack from a pre-vetted talent pool of mid to senior-level software engineers to scale your project quickly and efficiently.
paragraphs,"Delivered 100+ innovative software projects, web and mobile apps, web design, and digital marketing solutions. Spanning 24 business sectors. Customers across Asia Pacific, Europe and the US. Thinking the best as well as the next, since 2009."
paragraphs,Copyright © 2024 SystimaNX IT Solutions Private Limited.
links,/
links,/
links,/web-application-development
links,/how-we-work
links,/hire-dedicated-developers-india
links,/contact-us
links,/
links,/
links,/web-application-development
links,/how-we-work
links,/hire-dedicated-developers-india
links,/contact-us
links,/current-job
links,/for-startup
links,/internship
links,/partner-with-us
links,/free-consultation
links,https://meetings-eu1.hubspot.com/systimanx
links,/web-application-development
links,/mobile-application-development
links,/saas-application-development
links,/cloud-devops-services
links,/application-security-testing
links,/for-startup
links,/ecommerce-development
links,/ai-solutions-development
links,/mobile-application-development
links,/saas-application-development
links,/hire-laravel-developers
links,/hire-nodejs-developers
links,/hire-python-developers
links,/hire-angularjs-developers
links,/hire-vuejs-developers
links,/hire-automation-testers
links,/hire-devops-engineers
links,/hire-application-penetration-testers
links,/hire-ui-ux-designers
links,/hire-android-developers
links,/hire-ios-developers
links,/hire-shopify-developers
links,/
links,/web-application-development
links,/how-we-work
links,/hire-dedicated-developers-india
links,/blogs
links,/internship
links,/for-startup
links,/partner-with-us
links,/contact-us
links,/testimonials
links,/current-job
links,/free-consultation
links,/web-application-development
links,/mobile-application-development
links,/cloud-devops-services
links,/saas-application-development
links,/application-security-testing
links,https://www.facebook.com/systimanx
links,https://www.linkedin.com/company/systimanx-it-solutions/
links,https://twitter.com/SystimanxITSol
links,https://www.youtube.com/@systimanx
lists,Home
lists,What we do
lists,How we work
lists,Hire Developers
lists,Say Hello
lists,
lists,Home
lists,What we do
lists,How we work
lists,Hire Developers
lists,Say Hello
lists,Careers
lists,For Startups
lists,Internship Courses
lists,Partner With Us
lists,Free Consultations
lists,For Startup's
lists,E-commerce
lists,AI & ML
lists,Apps Development
lists,SaaS Kit
lists,Hire Laravel Developer
lists,Hire Node Developer
lists,Hire Python Developer
lists,Hire Angular Developer
lists,Hire Vuejs Developer
lists,Hire QA Tester
lists,Hire Dev-ops Engineer
lists,Hire Application Penetration Testers
lists,Hire UX / UI Engineer
lists,Hire Android Developers
lists,Hire iOS Developers
lists,Hire Shopify Developers
lists,Home
lists,What We Do
lists,How We Work
lists,Hire Developers
lists,Blogs
lists,Internship Courses
lists,For Startups
lists,Partner With Us
lists,Contact Us
lists,Client Testimonal
lists,Current Jobs
lists,Free Consultation
lists,Web Application Development
lists,Mobile Apps Development
lists,Cloud and DevOps
lists,SaaS Application Development
lists,Application Security Testing
